,CoLA,CoLA,CoLA,SST_2,SST_2,MRPC,MRPC
,accuracy_score,f1_score,matthews_corrcoef,accuracy_score,f1_score,accuracy_score,f1_score,seed
Epoch,,,,,,,
1,0.7976989453499521,0.8670447385003152,0.4940437906083124,0.9151376146788991,0.9188596491228072,0.6985294117647058,0.8177777777777778, 43
,CoLA,CoLA,CoLA,SST_2,SST_2,MRPC,MRPC
,accuracy_score,f1_score,matthews_corrcoef,accuracy_score,f1_score,accuracy_score,f1_score, seed
Epoch,,,,,,,
2,0.8092042186001918,0.8742893240682249,0.5267605238013852,0.9254587155963303,0.9263873159682899,0.7647058823529411,0.8273381294964028,43
,CoLA,CoLA,CoLA,SST_2,SST_2,MRPC,MRPC
,accuracy_score,f1_score,matthews_corrcoef,accuracy_score,f1_score,accuracy_score,f1_score, seed
Epoch,,,,,,,
3,0.835091083413231,0.8839406207827261,0.6025015482117623,0.9311926605504587,0.9322799097065463,0.7916666666666666,0.8556876061120543, 43
,CoLA,CoLA,CoLA,SST_2,SST_2,MRPC,MRPC
,accuracy_score,f1_score,matthews_corrcoef,accuracy_score,f1_score,accuracy_score,f1_score,seed
Epoch,,,,,,,
1,0.7976989453499521,0.8677115987460816,0.4946640161033145,0.9254587155963303,0.9273743016759778,0.7083333333333334,0.8215892053973014,45
,CoLA,CoLA,CoLA,SST_2,SST_2,MRPC,MRPC
,accuracy_score,f1_score,matthews_corrcoef,accuracy_score,f1_score,accuracy_score,f1_score, seed
Epoch,,,,,,,
2,0.8130393096836049,0.8763474952441344,0.5370841342383386,0.9254587155963303,0.9273743016759778,0.7720588235294118,0.8535433070866142, 45
,CoLA,CoLA,CoLA,SST_2,SST_2,MRPC,MRPC
,accuracy_score,f1_score,matthews_corrcoef,accuracy_score,f1_score,accuracy_score,f1_score, seed
Epoch,,,,,,,
3,0.8283796740172579,0.8842921784098255,0.5777940781336061,0.9162844036697247,0.9169510807736065,0.8186274509803921,0.8644688644688645, 45
,CoLA,CoLA,CoLA,SST_2,SST_2,MRPC,MRPC
,accuracy_score,f1_score,matthews_corrcoef,accuracy_score,f1_score,accuracy_score,f1_score, seed
Epoch,,,,,,,
1,0.7996164908916586,0.8688010043942248,0.5000765695969273,0.9162844036697247,0.918435754189944,0.7181372549019608,0.8275862068965516, 41
,CoLA,CoLA,CoLA,SST_2,SST_2,MRPC,MRPC
,accuracy_score,f1_score,matthews_corrcoef,accuracy_score,f1_score,accuracy_score,f1_score, seed
Epoch,,,,,,,
2,0.8187919463087249,0.875411997363217,0.5552849676135797,0.9220183486238532,0.923937360178971,0.7622549019607843,0.8496124031007752, 41
,CoLA,CoLA,CoLA,SST_2,SST_2,MRPC,MRPC
,accuracy_score,f1_score,matthews_corrcoef,accuracy_score,f1_score,accuracy_score,f1_score, seed
Epoch,,,,,,,
3,0.8245445829338447,0.8796844181459565,0.5694075373847854,0.9208715596330275,0.9213226909920181,0.821078431372549,0.8824476650563607, 41
